<?xml version="1.0" encoding="UTF-8"?>

<LAMA>
    <alternatives>
        <alternative id="1">Francja</alternative>
        <alternative id="2">Belgia</alternative>
        <alternative id="3">Dania</alternative>
        <!--<alternative id="4">Madryt</alternative>-->
    </alternatives>
    <criterias>
        <criteria name="cost">
            <wag>2</wag>
            <criteria name="Living">
                <wag>2</wag>
                <comparing>1 2 6 0.5 1 4 0.2 0.25 1</comparing>
            </criteria>
            <criteria name="Fun">
                <wag>3</wag>
                <comparing>1 4 9 0.5 1 3 0.2 0.5 1</comparing>
            </criteria>
        </criteria>
        <criteria name="lama">
            <wag>3</wag>
            <comparing>1 6 6 0.2 1 1 0.2 1 1</comparing>
        </criteria>
    </criterias>
</LAMA>